<?xml version="1.0" encoding="UTF-8"?>
<DEFECTS>
  <DEFECT>
    <SFA>
      <FILEPATH>s:\personal\ncu\tim-8101-principals_of_computer_science\week3_analyzetemplates\cpprefresher\src</FILEPATH>
      <FILENAME>taco.h</FILENAME>
      <LINE>15</LINE>
      <COLUMN>0</COLUMN>
    </SFA>
    <DEFECTCODE>26495</DEFECTCODE>
    <DESCRIPTION>Variable 'Taco::quantity' is uninitialized. Always initialize a member variable (type.6).</DESCRIPTION>
    <FUNCTION>Taco::{ctor}</FUNCTION>
    <DECORATED>??0Taco@@QAE@XZ</DECORATED>
    <FUNCLINE>15</FUNCLINE>
    <PATH></PATH>
  </DEFECT>
</DEFECTS>